date,grp,building_id,site_id
2017-03-17,4,998,10
2017-03-18,4,998,10
2017-03-19,4,998,10
2017-03-20,4,998,10
2017-03-21,4,998,10
2018-12-26,70,998,10
2018-12-27,70,998,10
2018-12-28,70,998,10
2018-12-29,70,998,10
2018-01-19,38,1015,10
2018-01-20,38,1015,10
2018-01-21,38,1015,10
2018-01-22,38,1015,10
2018-02-22,48,1015,10
2018-02-23,48,1015,10
2018-02-24,48,1015,10
2018-02-25,48,1015,10
2018-02-26,48,1015,10
2018-02-27,48,1015,10
2018-03-21,58,1015,10
2018-03-22,58,1015,10
2018-03-23,58,1015,10
2018-03-24,58,1015,10
2018-03-25,58,1015,10
2018-04-08,66,1015,10
2018-04-09,66,1015,10
2018-04-10,66,1015,10
2018-04-11,66,1015,10
2018-04-12,66,1015,10
2018-04-13,66,1015,10
2018-04-14,66,1015,10
2018-12-01,92,1015,10
2018-12-02,92,1015,10
2018-12-03,92,1015,10
2018-12-04,92,1015,10
2017-06-12,34,1017,10
2017-06-13,34,1017,10
2017-06-14,34,1017,10
2017-06-15,34,1017,10
2017-06-16,34,1017,10
2017-06-17,34,1017,10
2017-06-18,34,1017,10
2017-06-19,34,1017,10
2017-06-20,34,1017,10
2018-01-05,102,1017,10
2018-01-06,102,1017,10
2018-01-07,102,1017,10
2018-01-08,102,1017,10
2018-03-18,116,1017,10
2018-03-19,116,1017,10
2018-03-20,116,1017,10
2018-03-21,116,1017,10
2017-08-26,18,1022,10
2017-08-27,18,1022,10
2017-08-28,18,1022,10
2017-08-29,18,1022,10
2017-10-09,40,1022,10
2017-10-10,40,1022,10
2017-10-11,40,1022,10
2017-10-12,40,1022,10
2017-10-13,40,1022,10
2017-11-03,52,1022,10
2017-11-04,52,1022,10
2017-11-05,52,1022,10
2017-11-06,52,1022,10
2017-11-07,52,1022,10
2017-11-23,62,1022,10
2017-11-24,62,1022,10
2017-11-25,62,1022,10
2017-11-26,62,1022,10
2017-11-27,62,1022,10
2017-11-28,62,1022,10
2017-12-17,70,1022,10
2017-12-18,70,1022,10
2017-12-19,70,1022,10
2017-12-20,70,1022,10
2017-12-21,70,1022,10
2018-01-05,78,1022,10
2018-01-06,78,1022,10
2018-01-07,78,1022,10
2018-01-08,78,1022,10
2018-01-09,78,1022,10
2018-01-10,78,1022,10
2018-01-11,78,1022,10
2018-01-12,78,1022,10
2018-01-13,78,1022,10
2018-01-14,78,1022,10
2018-01-15,78,1022,10
2018-01-16,78,1022,10
2018-01-17,78,1022,10
2018-01-18,78,1022,10
2018-01-19,78,1022,10
2018-01-20,78,1022,10
2018-02-02,84,1022,10
2018-02-03,84,1022,10
2018-02-04,84,1022,10
2018-02-05,84,1022,10
2018-02-06,84,1022,10
2018-02-23,92,1022,10
2018-02-24,92,1022,10
2018-02-25,92,1022,10
2018-02-26,92,1022,10
2018-03-12,100,1022,10
2018-03-13,100,1022,10
2018-03-14,100,1022,10
2018-03-15,100,1022,10
2018-04-16,122,1022,10
2018-04-17,122,1022,10
2018-04-18,122,1022,10
2018-04-19,122,1022,10
2018-04-20,122,1022,10
2017-04-26,8,1028,11
2017-04-27,8,1028,11
2017-04-28,8,1028,11
2017-04-29,8,1028,11
2018-05-13,42,1028,11
2018-05-14,42,1028,11
2018-05-15,42,1028,11
2018-05-16,42,1028,11
2018-05-17,42,1028,11
2018-05-18,42,1028,11
2018-05-19,42,1028,11
2018-05-20,42,1028,11
2018-05-22,44,1028,11
2018-05-23,44,1028,11
2018-05-24,44,1028,11
2018-05-25,44,1028,11
2017-10-04,4,1030,11
2017-10-05,4,1030,11
2017-10-06,4,1030,11
2017-10-07,4,1030,11
2017-10-08,4,1030,11
2017-10-09,4,1030,11
2017-10-10,4,1030,11
2017-10-21,16,1031,11
2017-10-22,16,1031,11
2017-10-23,16,1031,11
2017-10-24,16,1031,11
2018-07-02,36,1032,11
2018-07-03,36,1032,11
2018-07-04,36,1032,11
2018-07-05,36,1032,11
2018-07-06,36,1032,11
2017-04-28,28,1078,13
2017-04-29,28,1078,13
2017-04-30,28,1078,13
2017-05-01,28,1078,13
2017-05-02,28,1078,13
2017-10-09,40,1078,13
2017-10-10,40,1078,13
2017-10-11,40,1078,13
2017-10-12,40,1078,13
2017-10-13,40,1078,13
2017-10-14,40,1078,13
2017-10-15,40,1078,13
2017-10-16,40,1078,13
2017-10-17,40,1078,13
2018-04-29,54,1078,13
2018-04-30,54,1078,13
2018-05-01,54,1078,13
2018-05-02,54,1078,13
2018-08-25,104,1078,13
2018-08-26,104,1078,13
2018-08-27,104,1078,13
2018-08-28,104,1078,13
2018-08-29,104,1078,13
2018-09-28,8,1080,13
2018-09-29,8,1080,13
2018-09-30,8,1080,13
2018-10-01,8,1080,13
2018-10-02,8,1080,13
2018-10-08,12,1080,13
2018-10-09,12,1080,13
2018-10-10,12,1080,13
2018-10-11,12,1080,13
2018-06-26,4,1085,13
2018-06-27,4,1085,13
2018-06-28,4,1085,13
2018-06-29,4,1085,13
2018-08-26,24,1085,13
2018-08-27,24,1085,13
2018-08-28,24,1085,13
2018-08-29,24,1085,13
2018-08-30,24,1085,13
2018-08-31,24,1085,13
2018-09-05,26,1085,13
2018-09-06,26,1085,13
2018-09-07,26,1085,13
2018-09-08,26,1085,13
2017-10-17,8,1088,13
2017-10-18,8,1088,13
2017-10-19,8,1088,13
2017-10-20,8,1088,13
2017-02-18,2,1104,13
2017-02-19,2,1104,13
2017-02-20,2,1104,13
2017-02-21,2,1104,13
2017-02-22,2,1104,13
2018-04-21,28,1104,13
2018-04-22,28,1104,13
2018-04-23,28,1104,13
2018-04-24,28,1104,13
2018-04-25,28,1104,13
2018-09-21,52,1104,13
2018-09-22,52,1104,13
2018-09-23,52,1104,13
2018-09-24,52,1104,13
2018-09-25,52,1104,13
2018-09-26,52,1104,13
2018-09-27,52,1104,13
2018-09-28,52,1104,13
2018-09-29,52,1104,13
2018-09-30,52,1104,13
2018-10-02,54,1104,13
2018-10-03,54,1104,13
2018-10-04,54,1104,13
2018-10-05,54,1104,13
2018-10-06,54,1104,13
2018-10-07,54,1104,13
2018-10-08,54,1104,13
2018-10-16,60,1104,13
2018-10-17,60,1104,13
2018-10-18,60,1104,13
2018-10-19,60,1104,13
2018-10-20,60,1104,13
2018-10-22,62,1104,13
2018-10-23,62,1104,13
2018-10-24,62,1104,13
2018-10-25,62,1104,13
2018-10-29,66,1104,13
2018-10-30,66,1104,13
2018-10-31,66,1104,13
2018-11-01,66,1104,13
2018-04-20,18,1107,13
2018-04-21,18,1107,13
2018-04-22,18,1107,13
2018-04-23,18,1107,13
2018-04-25,20,1107,13
2018-04-26,20,1107,13
2018-04-27,20,1107,13
2018-04-28,20,1107,13
2018-04-29,20,1107,13
2018-04-30,20,1107,13
2018-05-01,20,1107,13
2018-05-02,20,1107,13
2018-05-03,20,1107,13
2018-05-09,24,1107,13
2018-05-10,24,1107,13
2018-05-11,24,1107,13
2018-05-12,24,1107,13
2018-05-13,24,1107,13
2018-05-14,24,1107,13
2018-05-15,24,1107,13
2018-05-16,24,1107,13
2018-05-19,26,1107,13
2018-05-20,26,1107,13
2018-05-21,26,1107,13
2018-05-22,26,1107,13
2018-05-23,26,1107,13
2018-10-04,42,1107,13
2018-10-05,42,1107,13
2018-10-06,42,1107,13
2018-10-07,42,1107,13
2018-10-08,42,1107,13
2018-10-23,52,1107,13
2018-10-24,52,1107,13
2018-10-25,52,1107,13
2018-10-26,52,1107,13
2018-10-29,54,1107,13
2018-10-30,54,1107,13
2018-10-31,54,1107,13
2018-11-01,54,1107,13
2018-09-21,8,1122,13
2018-09-22,8,1122,13
2018-09-23,8,1122,13
2018-09-24,8,1122,13
2018-04-20,12,1144,13
2018-04-21,12,1144,13
2018-04-22,12,1144,13
2018-04-23,12,1144,13
2018-04-26,14,1144,13
2018-04-27,14,1144,13
2018-04-28,14,1144,13
2018-04-29,14,1144,13
2017-05-08,10,1154,13
2017-05-09,10,1154,13
2017-05-10,10,1154,13
2017-05-11,10,1154,13
2017-05-12,10,1154,13
2017-05-13,10,1154,13
2017-05-14,10,1154,13
2017-05-19,12,1156,13
2017-05-20,12,1156,13
2017-05-21,12,1156,13
2017-05-22,12,1156,13
2017-10-24,18,1156,13
2017-10-25,18,1156,13
2017-10-26,18,1156,13
2017-10-27,18,1156,13
2018-04-18,24,1156,13
2018-04-19,24,1156,13
2018-04-20,24,1156,13
2018-04-21,24,1156,13
2018-09-28,28,1156,13
2018-09-29,28,1156,13
2018-09-30,28,1156,13
2018-10-01,28,1156,13
2018-10-08,32,1156,13
2018-10-09,32,1156,13
2018-10-10,32,1156,13
2018-10-11,32,1156,13
2018-10-20,38,1156,13
2018-10-21,38,1156,13
2018-10-22,38,1156,13
2018-10-23,38,1156,13
2018-10-24,38,1156,13
2018-10-25,38,1156,13
2018-10-27,40,1156,13
2018-10-28,40,1156,13
2018-10-29,40,1156,13
2018-10-30,40,1156,13
2018-10-31,40,1156,13
2017-04-26,4,1157,13
2017-04-27,4,1157,13
2017-04-28,4,1157,13
2017-04-29,4,1157,13
2018-10-14,16,1157,13
2018-10-15,16,1157,13
2018-10-16,16,1157,13
2018-10-17,16,1157,13
2018-12-15,8,1159,13
2018-12-16,8,1159,13
2018-12-17,8,1159,13
2018-12-18,8,1159,13
2017-02-10,12,1168,13
2017-02-11,12,1168,13
2017-02-12,12,1168,13
2017-02-13,12,1168,13
2017-02-26,20,1168,13
2017-02-27,20,1168,13
2017-02-28,20,1168,13
2017-03-01,20,1168,13
2017-03-05,22,1168,13
2017-03-06,22,1168,13
2017-03-07,22,1168,13
2017-03-08,22,1168,13
2017-03-27,30,1168,13
2017-03-28,30,1168,13
2017-03-29,30,1168,13
2017-03-30,30,1168,13
2017-03-31,30,1168,13
2017-04-01,30,1168,13
2018-03-28,64,1168,13
2018-03-29,64,1168,13
2018-03-30,64,1168,13
2018-03-31,64,1168,13
2018-04-09,70,1168,13
2018-04-10,70,1168,13
2018-04-11,70,1168,13
2018-04-12,70,1168,13
2018-04-13,70,1168,13
2018-04-14,70,1168,13
2018-10-25,82,1168,13
2018-10-26,82,1168,13
2018-10-27,82,1168,13
2018-10-28,82,1168,13
2018-10-29,82,1168,13
2017-04-29,4,1185,13
2017-04-30,4,1185,13
2017-05-01,4,1185,13
2017-05-02,4,1185,13
2017-05-02,8,1189,13
2017-05-03,8,1189,13
2017-05-04,8,1189,13
2017-05-05,8,1189,13
2017-05-06,8,1189,13
2017-05-07,8,1189,13
2018-04-29,22,1189,13
2018-04-30,22,1189,13
2018-05-01,22,1189,13
2018-05-02,22,1189,13
2018-05-03,22,1189,13
2018-05-09,26,1189,13
2018-05-10,26,1189,13
2018-05-11,26,1189,13
2018-05-12,26,1189,13
2018-05-13,26,1189,13
2018-05-14,26,1189,13
2018-05-15,26,1189,13
2018-05-16,26,1189,13
2018-05-17,26,1189,13
2018-07-24,28,1189,13
2018-07-25,28,1189,13
2018-07-26,28,1189,13
2018-07-27,28,1189,13
2018-06-30,94,1193,13
2018-07-01,94,1193,13
2018-07-02,94,1193,13
2018-07-03,94,1193,13
2018-07-30,110,1193,13
2018-07-31,110,1193,13
2018-08-01,110,1193,13
2018-08-02,110,1193,13
2018-08-25,124,1193,13
2018-08-26,124,1193,13
2018-08-27,124,1193,13
2018-08-28,124,1193,13
2018-09-03,128,1193,13
2018-09-04,128,1193,13
2018-09-05,128,1193,13
2018-09-06,128,1193,13
2018-04-25,6,1206,13
2018-04-26,6,1206,13
2018-04-27,6,1206,13
2018-04-28,6,1206,13
2018-04-29,6,1206,13
2018-04-30,6,1206,13
2018-05-01,6,1206,13
2018-05-02,6,1206,13
2018-05-03,6,1206,13
2018-05-19,18,1206,13
2018-05-20,18,1206,13
2018-05-21,18,1206,13
2018-05-22,18,1206,13
2018-05-23,18,1206,13
2018-05-24,18,1206,13
2018-08-27,72,1206,13
2018-08-28,72,1206,13
2018-08-29,72,1206,13
2018-08-30,72,1206,13
2018-08-31,72,1206,13
2018-09-01,72,1206,13
2018-09-21,86,1206,13
2018-09-22,86,1206,13
2018-09-23,86,1206,13
2018-09-24,86,1206,13
2018-09-25,86,1206,13
2018-09-27,88,1206,13
2018-09-28,88,1206,13
2018-09-29,88,1206,13
2018-09-30,88,1206,13
2018-10-01,88,1206,13
2018-10-02,88,1206,13
2018-10-03,88,1206,13
2018-10-04,88,1206,13
2018-10-05,88,1206,13
2018-10-06,88,1206,13
2018-10-16,94,1206,13
2018-10-17,94,1206,13
2018-10-18,94,1206,13
2018-10-19,94,1206,13
2017-11-20,36,1214,13
2017-11-21,36,1214,13
2017-11-22,36,1214,13
2017-11-23,36,1214,13
2017-11-24,36,1214,13
2017-11-25,36,1214,13
2017-11-26,36,1214,13
2017-11-27,36,1214,13
2018-01-08,54,1214,13
2018-01-09,54,1214,13
2018-01-10,54,1214,13
2018-01-11,54,1214,13
2018-01-18,60,1214,13
2018-01-19,60,1214,13
2018-01-20,60,1214,13
2018-01-21,60,1214,13
2018-01-22,60,1214,13
2018-02-05,70,1214,13
2018-02-06,70,1214,13
2018-02-07,70,1214,13
2018-02-08,70,1214,13
2018-02-09,70,1214,13
2018-02-10,70,1214,13
2018-02-12,72,1214,13
2018-02-13,72,1214,13
2018-02-14,72,1214,13
2018-02-15,72,1214,13
2018-02-16,72,1214,13
2018-02-17,72,1214,13
2018-02-23,76,1214,13
2018-02-24,76,1214,13
2018-02-25,76,1214,13
2018-02-26,76,1214,13
2018-03-01,78,1214,13
2018-03-02,78,1214,13
2018-03-03,78,1214,13
2018-03-04,78,1214,13
2018-03-06,80,1214,13
2018-03-07,80,1214,13
2018-03-08,80,1214,13
2018-03-09,80,1214,13
2018-03-17,86,1214,13
2018-03-18,86,1214,13
2018-03-19,86,1214,13
2018-03-20,86,1214,13
2018-03-21,86,1214,13
2018-03-22,86,1214,13
2018-03-23,86,1214,13
2018-03-24,86,1214,13
2018-04-02,92,1214,13
2018-04-03,92,1214,13
2018-04-04,92,1214,13
2018-04-05,92,1214,13
2018-04-11,98,1214,13
2018-04-12,98,1214,13
2018-04-13,98,1214,13
2018-04-14,98,1214,13
2018-04-15,98,1214,13
2018-04-16,98,1214,13
2018-04-17,98,1214,13
2018-04-18,98,1214,13
2018-04-19,98,1214,13
2018-04-20,98,1214,13
2018-04-21,98,1214,13
2018-04-22,98,1214,13
2018-10-12,114,1214,13
2018-10-13,114,1214,13
2018-10-14,114,1214,13
2018-10-15,114,1214,13
2018-10-16,114,1214,13
2018-10-17,114,1214,13
2018-10-24,118,1214,13
2018-10-25,118,1214,13
2018-10-26,118,1214,13
2018-10-27,118,1214,13
2018-11-07,126,1214,13
2018-11-08,126,1214,13
2018-11-09,126,1214,13
2018-11-10,126,1214,13
2018-11-19,132,1214,13
2018-11-20,132,1214,13
2018-11-21,132,1214,13
2018-11-22,132,1214,13
2017-06-10,4,1219,13
2017-06-11,4,1219,13
2017-06-12,4,1219,13
2017-06-13,4,1219,13
2017-02-18,14,1223,14
2017-02-19,14,1223,14
2017-02-20,14,1223,14
2017-02-21,14,1223,14
2017-02-22,14,1223,14
2017-11-22,36,1223,14
2017-11-23,36,1223,14
2017-11-24,36,1223,14
2017-11-25,36,1223,14
2018-01-21,58,1223,14
2018-01-22,58,1223,14
2018-01-23,58,1223,14
2018-01-24,58,1223,14
2018-02-12,66,1223,14
2018-02-13,66,1223,14
2018-02-14,66,1223,14
2018-02-15,66,1223,14
2018-02-27,72,1223,14
2018-02-28,72,1223,14
2018-03-01,72,1223,14
2018-03-02,72,1223,14
2018-03-03,72,1223,14
2018-11-24,102,1223,14
2018-11-25,102,1223,14
2018-11-26,102,1223,14
2018-11-27,102,1223,14
2017-12-16,20,1226,14
2017-12-17,20,1226,14
2017-12-18,20,1226,14
2017-12-19,20,1226,14
2017-12-21,22,1226,14
2017-12-22,22,1226,14
2017-12-23,22,1226,14
2017-12-24,22,1226,14
2018-10-21,44,1226,14
2018-10-22,44,1226,14
2018-10-23,44,1226,14
2018-10-24,44,1226,14
2018-10-25,44,1226,14
2018-10-26,44,1226,14
2018-10-27,44,1226,14
2018-10-28,44,1226,14
2018-11-13,54,1226,14
2018-11-14,54,1226,14
2018-11-15,54,1226,14
2018-11-16,54,1226,14
2018-02-23,30,1227,14
2018-02-24,30,1227,14
2018-02-25,30,1227,14
2018-02-26,30,1227,14
2018-02-27,30,1227,14
2018-02-28,30,1227,14
2018-03-01,30,1227,14
2017-11-04,94,1229,14
2017-11-05,94,1229,14
2017-11-06,94,1229,14
2017-11-07,94,1229,14
2018-01-11,122,1229,14
2018-01-12,122,1229,14
2018-01-13,122,1229,14
2018-01-14,122,1229,14
2018-01-27,132,1229,14
2018-01-28,132,1229,14
2018-01-29,132,1229,14
2018-01-30,132,1229,14
2018-01-31,132,1229,14
2018-02-01,132,1229,14
2018-12-28,26,1230,14
2018-12-29,26,1230,14
2018-12-30,26,1230,14
2018-12-31,26,1230,14
2017-01-19,8,1232,14
2017-01-20,8,1232,14
2017-01-21,8,1232,14
2017-01-22,8,1232,14
2017-01-23,8,1232,14
2017-01-24,8,1232,14
2017-02-15,18,1232,14
2017-02-16,18,1232,14
2017-02-17,18,1232,14
2017-02-18,18,1232,14
2017-02-19,18,1232,14
2017-02-20,18,1232,14
2017-02-21,18,1232,14
2017-02-22,18,1232,14
2017-02-23,18,1232,14
2017-02-24,18,1232,14
2017-10-30,48,1232,14
2017-10-31,48,1232,14
2017-11-01,48,1232,14
2017-11-02,48,1232,14
2017-11-07,52,1232,14
2017-11-08,52,1232,14
2017-11-09,52,1232,14
2017-11-10,52,1232,14
2017-11-21,60,1232,14
2017-11-22,60,1232,14
2017-11-23,60,1232,14
2017-11-24,60,1232,14
2018-02-28,104,1232,14
2018-03-01,104,1232,14
2018-03-02,104,1232,14
2018-03-03,104,1232,14
2018-10-21,136,1232,14
2018-10-22,136,1232,14
2018-10-23,136,1232,14
2018-10-24,136,1232,14
2018-10-25,136,1232,14
2018-10-26,136,1232,14
2018-10-27,136,1232,14
2018-11-09,142,1232,14
2018-11-10,142,1232,14
2018-11-11,142,1232,14
2018-11-12,142,1232,14
2018-11-13,142,1232,14
2018-11-14,142,1232,14
2018-11-15,142,1232,14
2018-11-16,142,1232,14
2018-11-24,146,1232,14
2018-11-25,146,1232,14
2018-11-26,146,1232,14
2018-11-27,146,1232,14
2018-11-28,146,1232,14
2018-11-29,146,1232,14
2018-11-30,146,1232,14
2018-12-01,146,1232,14
2018-12-02,146,1232,14
2018-12-03,146,1232,14
2018-12-04,146,1232,14
2018-12-05,146,1232,14
2018-12-13,150,1232,14
2018-12-14,150,1232,14
2018-12-15,150,1232,14
2018-12-16,150,1232,14
2018-12-17,150,1232,14
2018-12-18,150,1232,14
2018-12-27,156,1232,14
2018-12-28,156,1232,14
2018-12-29,156,1232,14
2018-12-30,156,1232,14
2018-12-31,156,1232,14
2017-01-11,6,1233,14
2017-01-12,6,1233,14
2017-01-13,6,1233,14
2017-01-14,6,1233,14
2017-11-19,34,1233,14
2017-11-20,34,1233,14
2017-11-21,34,1233,14
2017-11-22,34,1233,14
2017-11-23,34,1233,14
2017-11-24,34,1233,14
2017-11-25,34,1233,14
2017-12-16,42,1233,14
2017-12-17,42,1233,14
2017-12-18,42,1233,14
2017-12-19,42,1233,14
2017-12-20,42,1233,14
2017-12-21,42,1233,14
2017-12-22,42,1233,14
2017-12-23,42,1233,14
2017-12-24,42,1233,14
2017-12-25,42,1233,14
2018-10-30,88,1233,14
2018-10-31,88,1233,14
2018-11-01,88,1233,14
2018-11-02,88,1233,14
2018-11-03,88,1233,14
2018-11-04,88,1233,14
2018-11-05,88,1233,14
2018-11-13,92,1233,14
2018-11-14,92,1233,14
2018-11-15,92,1233,14
2018-11-16,92,1233,14
2017-01-11,6,1234,14
2017-01-12,6,1234,14
2017-01-13,6,1234,14
2017-01-14,6,1234,14
2017-01-20,10,1234,14
2017-01-21,10,1234,14
2017-01-22,10,1234,14
2017-01-23,10,1234,14
2017-11-19,36,1234,14
2017-11-20,36,1234,14
2017-11-21,36,1234,14
2017-11-22,36,1234,14
2017-11-23,36,1234,14
2017-11-24,36,1234,14
2017-11-25,36,1234,14
2017-12-16,46,1234,14
2017-12-17,46,1234,14
2017-12-18,46,1234,14
2017-12-19,46,1234,14
2017-12-20,46,1234,14
2017-12-21,46,1234,14
2017-12-22,46,1234,14
2017-12-23,46,1234,14
2017-12-24,46,1234,14
2017-12-25,46,1234,14
2018-10-30,98,1234,14
2018-10-31,98,1234,14
2018-11-01,98,1234,14
2018-11-02,98,1234,14
2018-11-03,98,1234,14
2018-11-04,98,1234,14
2018-11-05,98,1234,14
2018-11-13,102,1234,14
2018-11-14,102,1234,14
2018-11-15,102,1234,14
2018-11-16,102,1234,14
2018-09-01,100,1239,14
2018-09-02,100,1239,14
2018-09-03,100,1239,14
2018-09-04,100,1239,14
2018-09-12,104,1239,14
2018-09-13,104,1239,14
2018-09-14,104,1239,14
2018-09-15,104,1239,14
2018-09-16,104,1239,14
2018-11-08,132,1239,14
2018-11-09,132,1239,14
2018-11-10,132,1239,14
2018-11-11,132,1239,14
2018-11-12,132,1239,14
2018-11-13,132,1239,14
2018-11-14,132,1239,14
2018-11-15,132,1239,14
2018-11-25,136,1239,14
2018-11-26,136,1239,14
2018-11-27,136,1239,14
2018-11-28,136,1239,14
2018-11-29,136,1239,14
2018-12-01,138,1239,14
2018-12-02,138,1239,14
2018-12-03,138,1239,14
2018-12-04,138,1239,14
2018-12-05,138,1239,14
2018-12-20,144,1239,14
2018-12-21,144,1239,14
2018-12-22,144,1239,14
2018-12-23,144,1239,14
2018-12-28,146,1239,14
2018-12-29,146,1239,14
2018-12-30,146,1239,14
2018-12-31,146,1239,14
2017-01-02,2,1244,14
2017-01-03,2,1244,14
2017-01-04,2,1244,14
2017-01-05,2,1244,14
2017-01-09,6,1244,14
2017-01-10,6,1244,14
2017-01-11,6,1244,14
2017-01-12,6,1244,14
2017-01-14,8,1244,14
2017-01-15,8,1244,14
2017-01-16,8,1244,14
2017-01-17,8,1244,14
2017-01-20,10,1244,14
2017-01-21,10,1244,14
2017-01-22,10,1244,14
2017-01-23,10,1244,14
2017-01-29,16,1244,14
2017-01-30,16,1244,14
2017-01-31,16,1244,14
2017-02-01,16,1244,14
2017-02-02,16,1244,14
2017-02-04,18,1244,14
2017-02-05,18,1244,14
2017-02-06,18,1244,14
2017-02-07,18,1244,14
2017-02-08,18,1244,14
2017-02-09,18,1244,14
2017-02-10,18,1244,14
2017-02-11,18,1244,14
2017-02-12,18,1244,14
2017-02-18,22,1244,14
2017-02-19,22,1244,14
2017-02-20,22,1244,14
2017-02-21,22,1244,14
2017-02-22,22,1244,14
2017-02-23,22,1244,14
2017-02-24,22,1244,14
2017-02-25,22,1244,14
2017-02-26,22,1244,14
2017-02-27,22,1244,14
2017-02-28,22,1244,14
2017-03-01,22,1244,14
2017-03-02,22,1244,14
2017-03-03,22,1244,14
2017-03-04,22,1244,14
2017-03-14,28,1244,14
2017-03-15,28,1244,14
2017-03-16,28,1244,14
2017-03-17,28,1244,14
2017-03-22,32,1244,14
2017-03-23,32,1244,14
2017-03-24,32,1244,14
2017-03-25,32,1244,14
2017-03-26,32,1244,14
2017-03-27,32,1244,14
2017-03-28,32,1244,14
2017-03-29,32,1244,14
2017-03-30,32,1244,14
2017-03-31,32,1244,14
2017-04-01,32,1244,14
2017-04-07,36,1244,14
2017-04-08,36,1244,14
2017-04-09,36,1244,14
2017-04-10,36,1244,14
2017-04-11,36,1244,14
2017-04-12,36,1244,14
2017-04-13,36,1244,14
2017-04-14,36,1244,14
2017-04-15,36,1244,14
2017-04-22,40,1244,14
2017-04-23,40,1244,14
2017-04-24,40,1244,14
2017-04-25,40,1244,14
2017-04-26,40,1244,14
2017-05-06,46,1244,14
2017-05-07,46,1244,14
2017-05-08,46,1244,14
2017-05-09,46,1244,14
2017-05-10,46,1244,14
2017-06-01,60,1244,14
2017-06-02,60,1244,14
2017-06-03,60,1244,14
2017-06-04,60,1244,14
2017-06-05,60,1244,14
2017-06-11,66,1244,14
2017-06-12,66,1244,14
2017-06-13,66,1244,14
2017-06-14,66,1244,14
2017-06-15,66,1244,14
2017-06-16,66,1244,14
2017-06-17,66,1244,14
2017-06-18,66,1244,14
2017-06-19,66,1244,14
2017-06-20,66,1244,14
2017-06-21,66,1244,14
2017-06-22,66,1244,14
2017-06-23,66,1244,14
2017-06-25,68,1244,14
2017-06-26,68,1244,14
2017-06-27,68,1244,14
2017-06-28,68,1244,14
2017-07-02,70,1244,14
2017-07-03,70,1244,14
2017-07-04,70,1244,14
2017-07-05,70,1244,14
2017-07-06,70,1244,14
2017-07-07,70,1244,14
2017-07-08,70,1244,14
2017-12-13,84,1244,14
2017-12-14,84,1244,14
2017-12-15,84,1244,14
2017-12-16,84,1244,14
2018-09-29,126,1244,14
2018-09-30,126,1244,14
2018-10-01,126,1244,14
2018-10-02,126,1244,14
2018-10-15,134,1244,14
2018-10-16,134,1244,14
2018-10-17,134,1244,14
2018-10-18,134,1244,14
2018-10-19,134,1244,14
2018-10-21,136,1244,14
2018-10-22,136,1244,14
2018-10-23,136,1244,14
2018-10-24,136,1244,14
2018-10-25,136,1244,14
2018-11-03,142,1244,14
2018-11-04,142,1244,14
2018-11-05,142,1244,14
2018-11-06,142,1244,14
2018-11-07,142,1244,14
2018-11-08,142,1244,14
2018-11-09,142,1244,14
2018-11-10,142,1244,14
2018-11-11,142,1244,14
2018-11-13,144,1244,14
2018-11-14,144,1244,14
2018-11-15,144,1244,14
2018-11-16,144,1244,14
2018-11-19,146,1244,14
2018-11-20,146,1244,14
2018-11-21,146,1244,14
2018-11-22,146,1244,14
2018-11-23,146,1244,14
2018-11-24,146,1244,14
2018-11-25,146,1244,14
2018-12-13,156,1244,14
2018-12-14,156,1244,14
2018-12-15,156,1244,14
2018-12-16,156,1244,14
2018-12-18,158,1244,14
2018-12-19,158,1244,14
2018-12-20,158,1244,14
2018-12-21,158,1244,14
2018-12-22,158,1244,14
2018-12-23,158,1244,14
2018-01-30,22,1245,14
2018-01-31,22,1245,14
2018-02-01,22,1245,14
2018-02-02,22,1245,14
2018-11-14,74,1245,14
2018-11-15,74,1245,14
2018-11-16,74,1245,14
2018-11-17,74,1245,14
2018-11-18,74,1245,14
2018-05-12,12,1246,14
2018-05-13,12,1246,14
2018-05-14,12,1246,14
2018-05-15,12,1246,14
2017-02-07,10,1247,14
2017-02-08,10,1247,14
2017-02-09,10,1247,14
2017-02-10,10,1247,14
2017-02-11,10,1247,14
2017-11-08,52,1248,14
2017-11-09,52,1248,14
2017-11-10,52,1248,14
2017-11-11,52,1248,14
2017-12-23,68,1248,14
2017-12-24,68,1248,14
2017-12-25,68,1248,14
2017-12-26,68,1248,14
2018-01-25,76,1248,14
2018-01-26,76,1248,14
2018-01-27,76,1248,14
2018-01-28,76,1248,14
2018-01-29,76,1248,14
2018-01-30,76,1248,14
2018-01-31,76,1248,14
2018-02-01,76,1248,14
2018-03-04,92,1248,14
2018-03-05,92,1248,14
2018-03-06,92,1248,14
2018-03-07,92,1248,14
2018-03-08,92,1248,14
2018-03-11,94,1248,14
2018-03-12,94,1248,14
2018-03-13,94,1248,14
2018-03-14,94,1248,14
2018-03-20,98,1248,14
2018-03-21,98,1248,14
2018-03-22,98,1248,14
2018-03-23,98,1248,14
2018-05-12,106,1248,14
2018-05-13,106,1248,14
2018-05-14,106,1248,14
2018-05-15,106,1248,14
2018-05-16,106,1248,14
2018-11-09,116,1248,14
2018-11-10,116,1248,14
2018-11-11,116,1248,14
2018-11-12,116,1248,14
2018-11-21,120,1248,14
2018-11-22,120,1248,14
2018-11-23,120,1248,14
2018-11-24,120,1248,14
2018-11-25,120,1248,14
2018-11-26,120,1248,14
2018-12-28,132,1248,14
2018-12-29,132,1248,14
2018-12-30,132,1248,14
2018-12-31,132,1248,14
2018-01-17,54,1254,14
2018-01-18,54,1254,14
2018-01-19,54,1254,14
2018-01-20,54,1254,14
2018-01-24,56,1254,14
2018-01-25,56,1254,14
2018-01-26,56,1254,14
2018-01-27,56,1254,14
2018-12-05,92,1254,14
2018-12-06,92,1254,14
2018-12-07,92,1254,14
2018-12-08,92,1254,14
2018-12-09,92,1254,14
2018-12-10,92,1254,14
2017-05-14,4,1260,14
2017-05-15,4,1260,14
2017-05-16,4,1260,14
2017-05-17,4,1260,14
2017-05-18,4,1260,14
2017-05-20,6,1260,14
2017-05-21,6,1260,14
2017-05-22,6,1260,14
2017-05-23,6,1260,14
2017-05-24,6,1260,14
2017-01-22,10,1264,14
2017-01-23,10,1264,14
2017-01-24,10,1264,14
2017-01-25,10,1264,14
2017-02-09,22,1264,14
2017-02-10,22,1264,14
2017-02-11,22,1264,14
2017-02-12,22,1264,14
2017-02-13,22,1264,14
2017-02-14,22,1264,14
2017-02-15,22,1264,14
2017-02-26,24,1264,14
2017-02-27,24,1264,14
2017-02-28,24,1264,14
2017-03-01,24,1264,14
2017-03-02,24,1264,14
2017-03-03,24,1264,14
2017-03-07,26,1264,14
2017-03-08,26,1264,14
2017-03-09,26,1264,14
2017-03-10,26,1264,14
2017-03-11,26,1264,14
2017-03-16,28,1264,14
2017-03-17,28,1264,14
2017-03-18,28,1264,14
2017-03-19,28,1264,14
2017-03-20,28,1264,14
2017-05-06,46,1264,14
2017-05-07,46,1264,14
2017-05-08,46,1264,14
2017-05-09,46,1264,14
2017-05-10,46,1264,14
2017-11-28,72,1264,14
2017-11-29,72,1264,14
2017-11-30,72,1264,14
2017-12-01,72,1264,14
2017-12-02,72,1264,14
2017-12-03,72,1264,14
2017-12-04,72,1264,14
2017-12-18,78,1264,14
2017-12-19,78,1264,14
2017-12-20,78,1264,14
2017-12-21,78,1264,14
2017-12-22,78,1264,14
2018-04-26,114,1264,14
2018-04-27,114,1264,14
2018-04-28,114,1264,14
2018-04-29,114,1264,14
2017-11-19,46,1265,14
2017-11-20,46,1265,14
2017-11-21,46,1265,14
2017-11-22,46,1265,14
2017-11-23,46,1265,14
2017-11-27,50,1265,14
2017-11-28,50,1265,14
2017-11-29,50,1265,14
2017-11-30,50,1265,14
2018-01-22,74,1265,14
2018-01-23,74,1265,14
2018-01-24,74,1265,14
2018-01-25,74,1265,14
2018-02-09,80,1265,14
2018-02-10,80,1265,14
2018-02-11,80,1265,14
2018-02-12,80,1265,14
2018-02-13,80,1265,14
2018-02-14,80,1265,14
2018-02-15,80,1265,14
2018-02-16,80,1265,14
2018-02-17,80,1265,14
2018-03-29,98,1265,14
2018-03-30,98,1265,14
2018-03-31,98,1265,14
2018-04-01,98,1265,14
2018-04-02,98,1265,14
2018-04-21,106,1265,14
2018-04-22,106,1265,14
2018-04-23,106,1265,14
2018-04-24,106,1265,14
2018-10-20,136,1265,14
2018-10-21,136,1265,14
2018-10-22,136,1265,14
2018-10-23,136,1265,14
2018-10-24,136,1265,14
2018-10-25,136,1265,14
2017-11-10,18,1266,14
2017-11-11,18,1266,14
2017-11-12,18,1266,14
2017-11-13,18,1266,14
2018-11-12,12,1269,14
2018-11-13,12,1269,14
2018-11-14,12,1269,14
2018-11-15,12,1269,14
2018-11-16,12,1269,14
2018-11-17,12,1269,14
2017-02-06,14,1272,14
2017-02-07,14,1272,14
2017-02-08,14,1272,14
2017-02-09,14,1272,14
2017-04-21,42,1272,14
2017-04-22,42,1272,14
2017-04-23,42,1272,14
2017-04-24,42,1272,14
2017-04-25,42,1272,14
2017-05-11,46,1272,14
2017-05-12,46,1272,14
2017-05-13,46,1272,14
2017-05-14,46,1272,14
2017-10-25,62,1272,14
2017-10-26,62,1272,14
2017-10-27,62,1272,14
2017-10-28,62,1272,14
2017-10-29,62,1272,14
2017-10-30,62,1272,14
2017-10-31,62,1272,14
2017-11-02,64,1272,14
2017-11-03,64,1272,14
2017-11-04,64,1272,14
2017-11-05,64,1272,14
2017-11-06,64,1272,14
2018-10-13,118,1272,14
2018-10-14,118,1272,14
2018-10-15,118,1272,14
2018-10-16,118,1272,14
2018-10-26,126,1272,14
2018-10-27,126,1272,14
2018-10-28,126,1272,14
2018-10-29,126,1272,14
2017-04-22,30,1273,14
2017-04-23,30,1273,14
2017-04-24,30,1273,14
2017-04-25,30,1273,14
2017-11-04,48,1273,14
2017-11-05,48,1273,14
2017-11-06,48,1273,14
2017-11-07,48,1273,14
2018-05-10,62,1274,14
2018-05-11,62,1274,14
2018-05-12,62,1274,14
2018-05-13,62,1274,14
2018-05-14,62,1274,14
2018-05-21,64,1274,14
2018-05-22,64,1274,14
2018-05-23,64,1274,14
2018-05-24,64,1274,14
2017-01-21,10,1275,14
2017-01-22,10,1275,14
2017-01-23,10,1275,14
2017-01-24,10,1275,14
2017-01-25,10,1275,14
2017-01-26,10,1275,14
2017-01-27,10,1275,14
2017-01-28,10,1275,14
2017-11-09,60,1275,14
2017-11-10,60,1275,14
2017-11-11,60,1275,14
2017-11-12,60,1275,14
2017-11-13,60,1275,14
2017-11-26,64,1275,14
2017-11-27,64,1275,14
2017-11-28,64,1275,14
2017-11-29,64,1275,14
2017-12-04,68,1275,14
2017-12-05,68,1275,14
2017-12-06,68,1275,14
2017-12-07,68,1275,14
2017-12-08,68,1275,14
2017-12-21,76,1275,14
2017-12-22,76,1275,14
2017-12-23,76,1275,14
2017-12-24,76,1275,14
2017-12-25,76,1275,14
2018-01-09,80,1275,14
2018-01-10,80,1275,14
2018-01-11,80,1275,14
2018-01-12,80,1275,14
2018-01-13,80,1275,14
2018-01-14,80,1275,14
2018-01-27,84,1275,14
2018-01-28,84,1275,14
2018-01-29,84,1275,14
2018-01-30,84,1275,14
2018-03-08,100,1275,14
2018-03-09,100,1275,14
2018-03-10,100,1275,14
2018-03-11,100,1275,14
2018-03-12,100,1275,14
2018-03-13,100,1275,14
2018-03-14,100,1275,14
2018-03-15,100,1275,14
2018-03-16,100,1275,14
2018-03-17,100,1275,14
2018-03-24,106,1275,14
2018-03-25,106,1275,14
2018-03-26,106,1275,14
2018-03-27,106,1275,14
2018-03-31,110,1275,14
2018-04-01,110,1275,14
2018-04-02,110,1275,14
2018-04-03,110,1275,14
2018-04-04,110,1275,14
2018-04-05,110,1275,14
2018-04-06,110,1275,14
2018-04-17,118,1275,14
2018-04-18,118,1275,14
2018-04-19,118,1275,14
2018-04-20,118,1275,14
2018-04-21,118,1275,14
2018-04-22,118,1275,14
2018-04-23,118,1275,14
2018-04-24,118,1275,14
2018-04-25,118,1275,14
2018-04-26,118,1275,14
2018-04-27,118,1275,14
2018-04-28,118,1275,14
2018-04-29,118,1275,14
2018-10-25,128,1275,14
2018-10-26,128,1275,14
2018-10-27,128,1275,14
2018-10-28,128,1275,14
2018-10-29,128,1275,14
2018-10-30,128,1275,14
2018-10-31,128,1275,14
2018-11-03,130,1275,14
2018-11-04,130,1275,14
2018-11-05,130,1275,14
2018-11-06,130,1275,14
2018-11-08,132,1275,14
2018-11-09,132,1275,14
2018-11-10,132,1275,14
2018-11-11,132,1275,14
2018-11-12,132,1275,14
2018-11-13,132,1275,14
2018-11-14,132,1275,14
2018-11-15,132,1275,14
2018-11-24,138,1275,14
2018-11-25,138,1275,14
2018-11-26,138,1275,14
2018-11-27,138,1275,14
2018-11-28,138,1275,14
2018-12-02,140,1275,14
2018-12-03,140,1275,14
2018-12-04,140,1275,14
2018-12-05,140,1275,14
2018-12-20,146,1275,14
2018-12-21,146,1275,14
2018-12-22,146,1275,14
2018-12-23,146,1275,14
2018-12-28,148,1275,14
2018-12-29,148,1275,14
2018-12-30,148,1275,14
2018-12-31,148,1275,14
2017-04-06,2,1276,14
2017-04-07,2,1276,14
2017-04-08,2,1276,14
2017-04-09,2,1276,14
2017-04-10,2,1276,14
2017-05-12,18,1276,14
2017-05-13,18,1276,14
2017-05-14,18,1276,14
2017-05-15,18,1276,14
2017-05-16,18,1276,14
2017-07-01,44,1276,14
2017-07-02,44,1276,14
2017-07-03,44,1276,14
2017-07-04,44,1276,14
2017-07-05,44,1276,14
2017-07-18,54,1276,14
2017-07-19,54,1276,14
2017-07-20,54,1276,14
2017-07-21,54,1276,14
2017-08-11,70,1276,14
2017-08-12,70,1276,14
2017-08-13,70,1276,14
2017-08-14,70,1276,14
2017-08-15,70,1276,14
2017-08-17,72,1276,14
2017-08-18,72,1276,14
2017-08-19,72,1276,14
2017-08-20,72,1276,14
2017-10-25,106,1276,14
2017-10-26,106,1276,14
2017-10-27,106,1276,14
2017-10-28,106,1276,14
2017-10-29,106,1276,14
2017-10-30,106,1276,14
2017-10-31,106,1276,14
2017-11-03,108,1276,14
2017-11-04,108,1276,14
2017-11-05,108,1276,14
2017-11-06,108,1276,14
2017-11-25,118,1276,14
2017-11-26,118,1276,14
2017-11-27,118,1276,14
2017-11-28,118,1276,14
2018-02-25,150,1276,14
2018-02-26,150,1276,14
2018-02-27,150,1276,14
2018-02-28,150,1276,14
2018-03-01,150,1276,14
2018-03-02,150,1276,14
2018-04-04,158,1276,14
2018-04-05,158,1276,14
2018-04-06,158,1276,14
2018-04-07,158,1276,14
2018-04-08,158,1276,14
2018-04-24,168,1276,14
2018-04-25,168,1276,14
2018-04-26,168,1276,14
2018-04-27,168,1276,14
2018-04-28,168,1276,14
2018-04-29,168,1276,14
2018-04-30,168,1276,14
2018-05-01,168,1276,14
2018-05-02,168,1276,14
2018-08-18,232,1276,14
2018-08-19,232,1276,14
2018-08-20,232,1276,14
2018-08-21,232,1276,14
2018-10-24,258,1276,14
2018-10-25,258,1276,14
2018-10-26,258,1276,14
2018-10-27,258,1276,14
2018-11-03,262,1276,14
2018-11-04,262,1276,14
2018-11-05,262,1276,14
2018-11-06,262,1276,14
2017-11-04,72,1280,14
2017-11-05,72,1280,14
2017-11-06,72,1280,14
2017-11-07,72,1280,14
2018-04-30,102,1280,14
2018-05-01,102,1280,14
2018-05-02,102,1280,14
2018-05-03,102,1280,14
2018-03-31,28,1291,14
2018-04-01,28,1291,14
2018-04-02,28,1291,14
2018-04-03,28,1291,14
2018-03-31,22,1293,14
2018-04-01,22,1293,14
2018-04-02,22,1293,14
2018-04-03,22,1293,14
2018-03-31,22,1300,14
2018-04-01,22,1300,14
2018-04-02,22,1300,14
2018-04-03,22,1300,14
2018-04-13,18,1303,14
2018-04-14,18,1303,14
2018-04-15,18,1303,14
2018-04-16,18,1303,14
2017-12-16,10,1307,14
2017-12-17,10,1307,14
2017-12-18,10,1307,14
2017-12-19,10,1307,14
2017-12-20,10,1307,14
2017-12-21,10,1307,14
2017-12-16,4,1308,14
2017-12-17,4,1308,14
2017-12-18,4,1308,14
2017-12-19,4,1308,14
2017-12-17,8,1310,14
2017-12-18,8,1310,14
2017-12-19,8,1310,14
2017-12-20,8,1310,14
2017-12-21,8,1310,14
2017-12-22,8,1310,14
2017-12-23,8,1310,14
2017-12-24,8,1310,14
2017-12-25,8,1310,14
2018-05-11,70,1317,14
2018-05-12,70,1317,14
2018-05-13,70,1317,14
2018-05-14,70,1317,14
2018-05-15,70,1317,14
2018-10-12,118,1317,14
2018-10-13,118,1317,14
2018-10-14,118,1317,14
2018-10-15,118,1317,14
2018-10-16,118,1317,14
2017-02-11,20,1318,14
2017-02-12,20,1318,14
2017-02-13,20,1318,14
2017-02-14,20,1318,14
2017-03-06,30,1318,14
2017-03-07,30,1318,14
2017-03-08,30,1318,14
2017-03-09,30,1318,14
2017-03-10,30,1318,14
2017-02-10,20,1319,14
2017-02-11,20,1319,14
2017-02-12,20,1319,14
2017-02-13,20,1319,14
2017-02-14,20,1319,14
2017-03-06,28,1319,14
2017-03-07,28,1319,14
2017-03-08,28,1319,14
2017-03-09,28,1319,14
2017-03-10,28,1319,14
2018-10-04,126,1319,14
2018-10-05,126,1319,14
2018-10-06,126,1319,14
2018-10-07,126,1319,14
2018-10-08,126,1319,14
2017-02-22,14,1321,14
2017-02-23,14,1321,14
2017-02-24,14,1321,14
2017-02-25,14,1321,14
2017-04-01,22,1321,14
2017-04-02,22,1321,14
2017-04-03,22,1321,14
2017-04-04,22,1321,14
2017-04-23,30,1321,14
2017-04-24,30,1321,14
2017-04-25,30,1321,14
2017-04-26,30,1321,14
2017-04-27,30,1321,14
2017-05-05,34,1321,14
2017-05-06,34,1321,14
2017-05-07,34,1321,14
2017-05-08,34,1321,14
2017-09-01,54,1321,14
2017-09-02,54,1321,14
2017-09-03,54,1321,14
2017-09-04,54,1321,14
2017-09-07,56,1321,14
2017-09-08,56,1321,14
2017-09-09,56,1321,14
2017-09-10,56,1321,14
2017-09-11,56,1321,14
2017-09-12,56,1321,14
2017-10-21,68,1321,14
2017-10-22,68,1321,14
2017-10-23,68,1321,14
2017-10-24,68,1321,14
2017-10-25,68,1321,14
2017-10-26,68,1321,14
2017-10-27,68,1321,14
2017-10-28,68,1321,14
2017-10-29,68,1321,14
2017-10-30,68,1321,14
2017-10-31,68,1321,14
2017-11-01,68,1321,14
2017-11-02,68,1321,14
2017-11-03,68,1321,14
2018-10-27,150,1321,14
2018-10-28,150,1321,14
2018-10-29,150,1321,14
2018-10-30,150,1321,14
2018-10-31,150,1321,14
2018-11-01,150,1321,14
2018-11-03,152,1321,14
2018-11-04,152,1321,14
2018-11-05,152,1321,14
2018-11-06,152,1321,14
2018-11-07,152,1321,14
2018-11-08,152,1321,14
2018-11-09,152,1321,14
2017-01-19,8,1322,14
2017-01-20,8,1322,14
2017-01-21,8,1322,14
2017-01-22,8,1322,14
2017-01-23,8,1322,14
2017-01-24,8,1322,14
2017-11-04,28,1322,14
2017-11-05,28,1322,14
2017-11-06,28,1322,14
2017-11-07,28,1322,14
2018-11-11,102,1322,14
2018-11-12,102,1322,14
2018-11-13,102,1322,14
2018-11-14,102,1322,14
2018-11-16,104,1322,14
2018-11-17,104,1322,14
2018-11-18,104,1322,14
2018-11-19,104,1322,14
2018-11-24,108,1322,14
2018-11-25,108,1322,14
2018-11-26,108,1322,14
2018-11-27,108,1322,14
2018-12-13,116,1322,14
2018-12-14,116,1322,14
2018-12-15,116,1322,14
2018-12-16,116,1322,14
2018-12-17,116,1322,14
2017-01-19,8,1323,14
2017-01-20,8,1323,14
2017-01-21,8,1323,14
2017-01-22,8,1323,14
2017-01-23,8,1323,14
2017-01-24,8,1323,14
2017-01-25,8,1323,14
2017-01-26,8,1323,14
2017-01-27,8,1323,14
2017-03-31,20,1323,14
2017-04-01,20,1323,14
2017-04-02,20,1323,14
2017-04-03,20,1323,14
2017-10-25,48,1323,14
2017-10-26,48,1323,14
2017-10-27,48,1323,14
2017-10-28,48,1323,14
2017-10-29,48,1323,14
2017-10-30,48,1323,14
2017-10-31,48,1323,14
2017-11-01,48,1323,14
2017-11-02,48,1323,14
2017-11-04,50,1323,14
2017-11-05,50,1323,14
2017-11-06,50,1323,14
2017-11-07,50,1323,14
2017-11-17,58,1323,14
2017-11-18,58,1323,14
2017-11-19,58,1323,14
2017-11-20,58,1323,14
2017-11-22,60,1323,14
2017-11-23,60,1323,14
2017-11-24,60,1323,14
2017-11-25,60,1323,14
2017-11-26,60,1323,14
2017-11-27,60,1323,14
2017-11-28,60,1323,14
2017-11-29,60,1323,14
2017-11-30,60,1323,14
2017-12-01,60,1323,14
2017-12-02,60,1323,14
2018-01-21,78,1323,14
2018-01-22,78,1323,14
2018-01-23,78,1323,14
2018-01-24,78,1323,14
2018-02-22,92,1323,14
2018-02-23,92,1323,14
2018-02-24,92,1323,14
2018-02-25,92,1323,14
2018-02-27,94,1323,14
2018-02-28,94,1323,14
2018-03-01,94,1323,14
2018-03-02,94,1323,14
2018-03-03,94,1323,14
2018-03-05,96,1323,14
2018-03-06,96,1323,14
2018-03-07,96,1323,14
2018-03-08,96,1323,14
2018-04-08,116,1323,14
2018-04-09,116,1323,14
2018-04-10,116,1323,14
2018-04-11,116,1323,14
2018-04-12,116,1323,14
2018-04-15,118,1323,14
2018-04-16,118,1323,14
2018-04-17,118,1323,14
2018-04-18,118,1323,14
2018-10-21,136,1323,14
2018-10-22,136,1323,14
2018-10-23,136,1323,14
2018-10-24,136,1323,14
2018-10-25,136,1323,14
2018-11-07,144,1323,14
2018-11-08,144,1323,14
2018-11-09,144,1323,14
2018-11-10,144,1323,14
2018-11-11,144,1323,14
2018-11-12,144,1323,14
2018-11-13,144,1323,14
2018-11-14,144,1323,14
2018-11-24,150,1323,14
2018-11-25,150,1323,14
2018-11-26,150,1323,14
2018-11-27,150,1323,14
2018-11-28,150,1323,14
2018-11-29,150,1323,14
2018-12-12,158,1323,14
2018-12-13,158,1323,14
2018-12-14,158,1323,14
2018-12-15,158,1323,14
2018-12-16,158,1323,14
2018-12-17,158,1323,14
2018-12-18,158,1323,14
2018-12-20,160,1323,14
2018-12-21,160,1323,14
2018-12-22,160,1323,14
2018-12-23,160,1323,14
2018-12-27,164,1323,14
2018-12-28,164,1323,14
2018-12-29,164,1323,14
2018-12-30,164,1323,14
2017-06-15,20,1324,14
2017-06-16,20,1324,14
2017-06-17,20,1324,14
2017-06-18,20,1324,14
2017-06-19,20,1324,14
2017-06-29,28,1324,14
2017-06-30,28,1324,14
2017-07-01,28,1324,14
2017-07-02,28,1324,14
2017-07-03,28,1324,14
2017-07-04,28,1324,14
2017-07-22,40,1324,14
2017-07-23,40,1324,14
2017-07-24,40,1324,14
2017-07-25,40,1324,14
2017-07-26,40,1324,14
2017-08-08,46,1324,14
2017-08-09,46,1324,14
2017-08-10,46,1324,14
2017-08-11,46,1324,14
2017-08-12,46,1324,14
2017-08-13,46,1324,14
2017-08-14,46,1324,14
2017-08-15,46,1324,14
2017-08-16,46,1324,14
2018-05-18,86,1324,14
2018-05-19,86,1324,14
2018-05-20,86,1324,14
2018-05-21,86,1324,14
2018-05-22,86,1324,14
2018-05-23,86,1324,14
2018-05-25,88,1324,14
2018-05-26,88,1324,14
2018-05-27,88,1324,14
2018-05-28,88,1324,14
2018-05-29,88,1324,14
2018-06-09,94,1324,14
2018-06-10,94,1324,14
2018-06-11,94,1324,14
2018-06-12,94,1324,14
2018-07-09,108,1324,14
2018-07-10,108,1324,14
2018-07-11,108,1324,14
2018-07-12,108,1324,14
2018-09-10,144,1324,14
2018-09-11,144,1324,14
2018-09-12,144,1324,14
2018-09-13,144,1324,14
2018-09-14,144,1324,14
2017-01-22,8,750,6
2017-01-23,8,750,6
2017-01-24,8,750,6
2017-01-25,8,750,6
2017-02-05,12,750,6
2017-02-06,12,750,6
2017-02-07,12,750,6
2017-02-08,12,750,6
2017-02-09,12,750,6
2017-02-11,14,750,6
2017-02-12,14,750,6
2017-02-13,14,750,6
2017-02-14,14,750,6
2017-02-15,14,750,6
2017-02-20,18,750,6
2017-02-21,18,750,6
2017-02-22,18,750,6
2017-02-23,18,750,6
2017-03-25,34,750,6
2017-03-26,34,750,6
2017-03-27,34,750,6
2017-03-28,34,750,6
2017-03-29,34,750,6
2017-04-04,38,750,6
2017-04-05,38,750,6
2017-04-06,38,750,6
2017-04-07,38,750,6
2017-04-08,38,750,6
2018-06-25,16,755,6
2018-06-26,16,755,6
2018-06-27,16,755,6
2018-06-28,16,755,6
2017-06-27,6,763,6
2017-06-28,6,763,6
2017-06-29,6,763,6
2017-06-30,6,763,6
2017-09-01,18,763,6
2017-09-02,18,763,6
2017-09-03,18,763,6
2017-09-04,18,763,6
2017-09-05,18,763,6
2017-09-06,18,763,6
2017-09-07,18,763,6
2017-09-29,24,763,6
2017-09-30,24,763,6
2017-10-01,24,763,6
2017-10-02,24,763,6
2018-01-11,68,763,6
2018-01-12,68,763,6
2018-01-13,68,763,6
2018-01-14,68,763,6
2018-02-20,82,763,6
2018-02-21,82,763,6
2018-02-22,82,763,6
2018-02-23,82,763,6
2018-02-24,82,763,6
2018-04-04,94,763,6
2018-04-05,94,763,6
2018-04-06,94,763,6
2018-04-07,94,763,6
2018-04-08,94,763,6
2018-04-29,104,763,6
2018-04-30,104,763,6
2018-05-01,104,763,6
2018-05-02,104,763,6
2018-05-03,104,763,6
2018-11-30,26,769,6
2018-12-01,26,769,6
2018-12-02,26,769,6
2018-12-03,26,769,6
2018-10-12,48,770,6
2018-10-13,48,770,6
2018-10-14,48,770,6
2018-10-15,48,770,6
2018-10-16,48,770,6
2018-10-17,48,770,6
2018-10-18,48,770,6
2018-10-19,48,770,6
2018-10-20,48,770,6
2018-10-21,48,770,6
2018-11-05,58,770,6
2018-11-06,58,770,6
2018-11-07,58,770,6
2018-11-08,58,770,6
2018-11-09,58,770,6
2017-02-19,12,777,6
2017-02-20,12,777,6
2017-02-21,12,777,6
2017-02-22,12,777,6
2017-02-23,12,777,6
2017-03-25,20,777,6
2017-03-26,20,777,6
2017-03-27,20,777,6
2017-03-28,20,777,6
2017-03-29,20,777,6
2017-03-30,20,777,6
2017-03-31,20,777,6
2017-04-01,20,777,6
2017-04-02,20,777,6
2017-04-08,24,777,6
2017-04-09,24,777,6
2017-04-10,24,777,6
2017-04-11,24,777,6
2017-02-09,22,778,6
2017-02-10,22,778,6
2017-02-11,22,778,6
2017-02-12,22,778,6
2017-02-13,22,778,6
2017-02-17,24,778,6
2017-02-18,24,778,6
2017-02-19,24,778,6
2017-02-20,24,778,6
2017-02-21,24,778,6
2017-02-22,24,778,6
2017-02-23,24,778,6
2017-02-28,28,778,6
2017-03-01,28,778,6
2017-03-02,28,778,6
2017-03-03,28,778,6
2017-04-28,36,778,6
2017-04-29,36,778,6
2017-04-30,36,778,6
2017-05-01,36,778,6
2017-07-02,54,778,6
2017-07-03,54,778,6
2017-07-04,54,778,6
2017-07-05,54,778,6
2018-07-20,142,778,6
2018-07-21,142,778,6
2018-07-22,142,778,6
2018-07-23,142,778,6
2017-03-24,22,780,6
2017-03-25,22,780,6
2017-03-26,22,780,6
2017-03-27,22,780,6
2017-03-28,22,780,6
2017-03-29,22,780,6
2017-04-08,30,780,6
2017-04-09,30,780,6
2017-04-10,30,780,6
2017-04-11,30,780,6
2017-04-18,36,780,6
2017-04-19,36,780,6
2017-04-20,36,780,6
2017-04-21,36,780,6
2017-04-22,36,780,6
2017-04-25,38,780,6
2017-04-26,38,780,6
2017-04-27,38,780,6
2017-04-28,38,780,6
2017-04-29,38,780,6
2017-05-02,40,780,6
2017-05-03,40,780,6
2017-05-04,40,780,6
2017-05-05,40,780,6
2017-05-06,40,780,6
2017-05-07,40,780,6
2017-05-12,44,780,6
2017-05-13,44,780,6
2017-05-14,44,780,6
2017-05-15,44,780,6
2017-05-20,48,780,6
2017-05-21,48,780,6
2017-05-22,48,780,6
2017-05-23,48,780,6
2017-05-24,48,780,6
2017-05-25,48,780,6
2017-06-04,56,780,6
2017-06-05,56,780,6
2017-06-06,56,780,6
2017-06-07,56,780,6
2017-07-29,68,780,6
2017-07-30,68,780,6
2017-07-31,68,780,6
2017-08-01,68,780,6
2017-10-29,84,780,6
2017-10-30,84,780,6
2017-10-31,84,780,6
2017-11-01,84,780,6
2017-11-02,84,780,6
2017-11-07,88,780,6
2017-11-08,88,780,6
2017-11-09,88,780,6
2017-11-10,88,780,6
2017-11-16,90,780,6
2017-11-17,90,780,6
2017-11-18,90,780,6
2017-11-19,90,780,6
2017-11-20,90,780,6
2018-01-20,120,780,6
2018-01-21,120,780,6
2018-01-22,120,780,6
2018-01-23,120,780,6
2018-01-24,120,780,6
2018-01-28,122,780,6
2018-01-29,122,780,6
2018-01-30,122,780,6
2018-01-31,122,780,6
2018-02-11,128,780,6
2018-02-12,128,780,6
2018-02-13,128,780,6
2018-02-14,128,780,6
2018-04-05,156,780,6
2018-04-06,156,780,6
2018-04-07,156,780,6
2018-04-08,156,780,6
2018-04-09,156,780,6
2018-04-10,156,780,6
2018-04-22,164,780,6
2018-04-23,164,780,6
2018-04-24,164,780,6
2018-04-25,164,780,6
2018-10-23,174,780,6
2018-10-24,174,780,6
2018-10-25,174,780,6
2018-10-26,174,780,6
2018-10-27,174,780,6
2018-10-28,174,780,6
2018-11-17,186,780,6
2018-11-18,186,780,6
2018-11-19,186,780,6
2018-11-20,186,780,6
2018-11-21,186,780,6
2017-05-20,26,787,6
2017-05-21,26,787,6
2017-05-22,26,787,6
2017-05-23,26,787,6
2017-10-27,24,793,7
2017-10-28,24,793,7
2017-10-29,24,793,7
2017-10-30,24,793,7
2018-05-16,42,793,7
2018-05-17,42,793,7
2018-05-18,42,793,7
2018-05-19,42,793,7
2018-05-20,42,793,7
2018-05-22,44,793,7
2018-05-23,44,793,7
2018-05-24,44,793,7
2018-05-25,44,793,7
2018-10-12,48,793,7
2018-10-13,48,793,7
2018-10-14,48,793,7
2018-10-15,48,793,7
2018-10-16,48,793,7
2018-10-17,48,793,7
2017-04-26,6,794,7
2017-04-27,6,794,7
2017-04-28,6,794,7
2017-04-29,6,794,7
2017-05-14,12,794,7
2017-05-15,12,794,7
2017-05-16,12,794,7
2017-05-17,12,794,7
2017-05-18,12,794,7
2017-05-19,12,794,7
2017-05-21,14,794,7
2017-05-22,14,794,7
2017-05-23,14,794,7
2017-05-24,14,794,7
2017-05-25,14,794,7
2017-05-26,14,794,7
2017-05-27,14,794,7
2017-05-28,14,794,7
2017-05-31,16,794,7
2017-06-01,16,794,7
2017-06-02,16,794,7
2017-06-03,16,794,7
2017-06-04,16,794,7
2017-06-05,16,794,7
2017-06-06,16,794,7
2017-06-07,16,794,7
2017-06-08,16,794,7
2017-06-10,18,794,7
2017-06-11,18,794,7
2017-06-12,18,794,7
2017-06-13,18,794,7
2017-06-14,18,794,7
2017-06-15,18,794,7
2017-06-16,18,794,7
2017-06-17,18,794,7
2017-10-10,28,794,7
2017-10-11,28,794,7
2017-10-12,28,794,7
2017-10-13,28,794,7
2017-10-14,28,794,7
2018-01-26,42,794,7
2018-01-27,42,794,7
2018-01-28,42,794,7
2018-01-29,42,794,7
2018-05-01,50,794,7
2018-05-02,50,794,7
2018-05-03,50,794,7
2018-05-04,50,794,7
2018-05-05,50,794,7
2018-05-06,50,794,7
2018-05-13,54,794,7
2018-05-14,54,794,7
2018-05-15,54,794,7
2018-05-16,54,794,7
2018-05-17,54,794,7
2018-05-19,56,794,7
2018-05-20,56,794,7
2018-05-21,56,794,7
2018-05-22,56,794,7
2018-05-23,56,794,7
2018-05-24,56,794,7
2018-05-25,56,794,7
2017-04-26,6,795,7
2017-04-27,6,795,7
2017-04-28,6,795,7
2017-04-29,6,795,7
2017-05-12,10,795,7
2017-05-13,10,795,7
2017-05-14,10,795,7
2017-05-15,10,795,7
2017-08-31,18,795,7
2017-09-01,18,795,7
2017-09-02,18,795,7
2017-09-03,18,795,7
2017-10-02,28,795,7
2017-10-03,28,795,7
2017-10-04,28,795,7
2017-10-05,28,795,7
2017-10-06,28,795,7
2017-10-07,28,795,7
2018-05-01,44,795,7
2018-05-02,44,795,7
2018-05-03,44,795,7
2018-05-04,44,795,7
2018-05-05,44,795,7
2018-05-06,44,795,7
2018-05-21,56,795,7
2018-05-22,56,795,7
2018-05-23,56,795,7
2018-05-24,56,795,7
2018-06-04,60,795,7
2018-06-05,60,795,7
2018-06-06,60,795,7
2018-06-07,60,795,7
2018-06-08,60,795,7
2018-10-05,76,795,7
2018-10-06,76,795,7
2018-10-07,76,795,7
2018-10-08,76,795,7
2018-09-22,10,796,7
2018-09-23,10,796,7
2018-09-24,10,796,7
2018-09-25,10,796,7
2018-09-26,10,796,7
2018-09-27,10,796,7
2018-09-28,10,796,7
2017-04-26,6,797,7
2017-04-27,6,797,7
2017-04-28,6,797,7
2017-04-29,6,797,7
2017-05-25,16,797,7
2017-05-26,16,797,7
2017-05-27,16,797,7
2017-05-28,16,797,7
2017-05-29,16,797,7
2018-05-11,62,797,7
2018-05-12,62,797,7
2018-05-13,62,797,7
2018-05-14,62,797,7
2018-05-15,62,797,7
2018-05-16,62,797,7
2018-05-17,62,797,7
2018-05-18,62,797,7
2018-05-19,62,797,7
2018-05-20,62,797,7
2018-05-21,62,797,7
2018-06-04,66,797,7
2018-06-05,66,797,7
2018-06-06,66,797,7
2018-06-07,66,797,7
2018-09-22,80,797,7
2018-09-23,80,797,7
2018-09-24,80,797,7
2018-09-25,80,797,7
2017-04-28,14,798,7
2017-04-29,14,798,7
2017-04-30,14,798,7
2017-05-01,14,798,7
2017-05-17,18,798,7
2017-05-18,18,798,7
2017-05-19,18,798,7
2017-05-20,18,798,7
2017-06-17,30,798,7
2017-06-18,30,798,7
2017-06-19,30,798,7
2017-06-20,30,798,7
2017-09-15,50,798,7
2017-09-16,50,798,7
2017-09-17,50,798,7
2017-09-18,50,798,7
2017-09-19,50,798,7
2017-09-22,52,798,7
2017-09-23,52,798,7
2017-09-24,52,798,7
2017-09-25,52,798,7
2017-12-02,74,798,7
2017-12-03,74,798,7
2017-12-04,74,798,7
2017-12-05,74,798,7
2018-09-24,92,798,7
2018-09-25,92,798,7
2018-09-26,92,798,7
2018-09-27,92,798,7
2017-05-11,16,799,7
2017-05-12,16,799,7
2017-05-13,16,799,7
2017-05-14,16,799,7
2017-05-15,16,799,7
2017-05-16,16,799,7
2017-05-21,20,799,7
2017-05-22,20,799,7
2017-05-23,20,799,7
2017-05-24,20,799,7
2017-05-25,20,799,7
2017-05-26,20,799,7
2017-05-27,20,799,7
2017-05-28,20,799,7
2017-05-29,20,799,7
2017-06-01,22,799,7
2017-06-02,22,799,7
2017-06-03,22,799,7
2017-06-04,22,799,7
2017-06-05,22,799,7
2017-06-06,22,799,7
2017-06-07,22,799,7
2017-06-08,22,799,7
2017-06-09,22,799,7
2017-06-10,22,799,7
2017-06-11,22,799,7
2017-10-02,54,799,7
2017-10-03,54,799,7
2017-10-04,54,799,7
2017-10-05,54,799,7
2017-10-06,54,799,7
2017-10-07,54,799,7
2017-10-08,54,799,7
2017-10-10,56,799,7
2017-10-11,56,799,7
2017-10-12,56,799,7
2017-10-13,56,799,7
2017-10-14,56,799,7
2017-10-16,58,799,7
2017-10-17,58,799,7
2017-10-18,58,799,7
2017-10-19,58,799,7
2017-10-20,58,799,7
2017-10-21,58,799,7
2017-10-22,58,799,7
2017-10-23,58,799,7
2018-05-02,74,799,7
2018-05-03,74,799,7
2018-05-04,74,799,7
2018-05-05,74,799,7
2018-05-06,74,799,7
2018-05-07,74,799,7
2018-05-08,74,799,7
2018-05-09,74,799,7
2018-05-10,74,799,7
2018-05-16,78,799,7
2018-05-17,78,799,7
2018-05-18,78,799,7
2018-05-19,78,799,7
2018-05-24,82,799,7
2018-05-25,82,799,7
2018-05-26,82,799,7
2018-05-27,82,799,7
2018-06-04,88,799,7
2018-06-05,88,799,7
2018-06-06,88,799,7
2018-06-07,88,799,7
2018-06-08,88,799,7
2018-06-10,90,799,7
2018-06-11,90,799,7
2018-06-12,90,799,7
2018-06-13,90,799,7
2018-09-22,102,799,7
2018-09-23,102,799,7
2018-09-24,102,799,7
2018-09-25,102,799,7
2018-03-22,10,802,7
2018-03-23,10,802,7
2018-03-24,10,802,7
2018-03-25,10,802,7
2018-03-26,10,802,7
2017-04-23,22,803,7
2017-04-24,22,803,7
2017-04-25,22,803,7
2017-04-26,22,803,7
2017-04-27,22,803,7
2017-04-28,22,803,7
2017-04-29,22,803,7
2017-05-29,36,803,7
2017-05-30,36,803,7
2017-05-31,36,803,7
2017-06-01,36,803,7
2017-06-02,36,803,7
2017-08-30,74,803,7
2017-08-31,74,803,7
2017-09-01,74,803,7
2017-09-02,74,803,7
2017-09-03,74,803,7
2017-09-04,74,803,7
2017-09-05,74,803,7
2017-09-06,74,803,7
2017-09-28,80,803,7
2017-09-29,80,803,7
2017-09-30,80,803,7
2017-10-01,80,803,7
2017-10-24,92,803,7
2017-10-25,92,803,7
2017-10-26,92,803,7
2017-10-27,92,803,7
2017-10-28,92,803,7
2018-01-30,112,803,7
2018-01-31,112,803,7
2018-02-01,112,803,7
2018-02-02,112,803,7
2018-02-03,112,803,7
2018-02-16,116,803,7
2018-02-17,116,803,7
2018-02-18,116,803,7
2018-02-19,116,803,7
2018-03-15,128,803,7
2018-03-16,128,803,7
2018-03-17,128,803,7
2018-03-18,128,803,7
2018-03-19,128,803,7
2018-04-07,136,803,7
2018-04-08,136,803,7
2018-04-09,136,803,7
2018-04-10,136,803,7
2018-04-11,136,803,7
2018-04-12,136,803,7
2018-04-13,136,803,7
2018-04-14,136,803,7
2018-04-18,138,803,7
2018-04-19,138,803,7
2018-04-20,138,803,7
2018-04-21,138,803,7
2018-04-29,146,803,7
2018-04-30,146,803,7
2018-05-01,146,803,7
2018-05-02,146,803,7
2018-05-06,150,803,7
2018-05-07,150,803,7
2018-05-08,150,803,7
2018-05-09,150,803,7
2018-05-10,150,803,7
2018-05-11,150,803,7
2018-06-02,158,803,7
2018-06-03,158,803,7
2018-06-04,158,803,7
2018-06-05,158,803,7
2018-06-06,158,803,7
2018-06-08,160,803,7
2018-06-09,160,803,7
2018-06-10,160,803,7
2018-06-11,160,803,7
2018-09-25,182,803,7
2018-09-26,182,803,7
2018-09-27,182,803,7
2018-09-28,182,803,7
2018-09-29,182,803,7
2018-09-30,182,803,7
2018-01-10,8,900,9
2018-01-11,8,900,9
2018-01-12,8,900,9
2018-01-13,8,900,9
2018-11-29,56,900,9
2018-11-30,56,900,9
2018-12-01,56,900,9
2018-12-02,56,900,9
2017-11-24,6,903,9
2017-11-25,6,903,9
2017-11-26,6,903,9
2017-11-27,6,903,9
2017-11-24,4,911,9
2017-11-25,4,911,9
2017-11-26,4,911,9
2017-11-27,4,911,9
2017-11-24,2,913,9
2017-11-25,2,913,9
2017-11-26,2,913,9
2017-11-27,2,913,9
2017-02-08,2,923,9
2017-02-09,2,923,9
2017-02-10,2,923,9
2017-02-11,2,923,9
2018-04-30,6,923,9
2018-05-01,6,923,9
2018-05-02,6,923,9
2018-05-03,6,923,9
2018-05-04,6,923,9
2017-11-24,8,929,9
2017-11-25,8,929,9
2017-11-26,8,929,9
2017-11-27,8,929,9
2017-12-31,26,934,9
2018-01-01,26,934,9
2018-01-02,26,934,9
2018-01-03,26,934,9
2018-01-14,32,934,9
2018-01-15,32,934,9
2018-01-16,32,934,9
2018-01-17,32,934,9
2018-01-18,32,934,9
2018-01-19,32,934,9
2018-11-16,68,934,9
2018-11-17,68,934,9
2018-11-18,68,934,9
2018-11-19,68,934,9
2018-11-25,72,934,9
2018-11-26,72,934,9
2018-11-27,72,934,9
2018-11-28,72,934,9
2018-11-29,72,934,9
2018-12-14,82,934,9
2018-12-15,82,934,9
2018-12-16,82,934,9
2018-12-17,82,934,9
2018-12-18,82,934,9
2018-12-19,82,934,9
2018-12-20,82,934,9
2018-12-21,82,934,9
2018-12-22,82,934,9
2018-12-23,82,934,9
2018-12-25,84,934,9
2018-12-26,84,934,9
2018-12-27,84,934,9
2018-12-28,84,934,9
2018-05-25,16,949,9
2018-05-26,16,949,9
2018-05-27,16,949,9
2018-05-28,16,949,9
2018-05-29,16,949,9
2018-05-30,16,949,9
2018-05-31,16,949,9
2018-06-01,16,949,9
2018-06-02,16,949,9
2018-06-03,16,949,9
2018-06-04,16,949,9
2018-06-09,18,949,9
2018-06-10,18,949,9
2018-06-11,18,949,9
2018-06-12,18,949,9
2018-06-13,18,949,9
2018-06-14,18,949,9
2018-06-17,20,949,9
2018-06-18,20,949,9
2018-06-19,20,949,9
2018-06-20,20,949,9
2018-06-21,20,949,9
2018-06-24,22,949,9
2018-06-25,22,949,9
2018-06-26,22,949,9
2018-06-27,22,949,9
2018-06-30,24,949,9
2018-07-01,24,949,9
2018-07-02,24,949,9
2018-07-03,24,949,9
2018-07-04,24,949,9
2018-07-05,24,949,9
2018-04-25,4,956,9
2018-04-26,4,956,9
2018-04-27,4,956,9
2018-04-28,4,956,9
2018-10-10,102,956,9
2018-10-11,102,956,9
2018-10-12,102,956,9
2018-10-13,102,956,9
2018-10-17,106,956,9
2018-10-18,106,956,9
2018-10-19,106,956,9
2018-10-20,106,956,9
2018-10-21,106,956,9
2018-11-04,112,956,9
2018-11-05,112,956,9
2018-11-06,112,956,9
2018-11-07,112,956,9
2018-11-08,112,956,9
2018-11-09,112,956,9
2018-11-22,116,956,9
2018-11-23,116,956,9
2018-11-24,116,956,9
2018-11-25,116,956,9
2018-11-28,118,956,9
2018-11-29,118,956,9
2018-11-30,118,956,9
2018-12-01,118,956,9
2018-12-02,118,956,9
2018-12-17,124,956,9
2018-12-18,124,956,9
2018-12-19,124,956,9
2018-12-20,124,956,9
2018-11-06,74,963,9
2018-11-07,74,963,9
2018-11-08,74,963,9
2018-11-09,74,963,9
2018-11-10,74,963,9
2018-11-28,86,963,9
2018-11-29,86,963,9
2018-11-30,86,963,9
2018-12-01,86,963,9
2018-12-02,86,963,9
2018-12-03,86,963,9
2018-12-24,96,963,9
2018-12-25,96,963,9
2018-12-26,96,963,9
2018-12-27,96,963,9
2018-12-28,96,963,9
2018-11-08,14,967,9
2018-11-09,14,967,9
2018-11-10,14,967,9
2018-11-11,14,967,9
2018-11-25,22,967,9
2018-11-26,22,967,9
2018-11-27,22,967,9
2018-11-28,22,967,9
2018-11-29,22,967,9
2018-11-30,22,967,9
2018-12-01,22,967,9
2018-12-02,22,967,9
2018-12-03,22,967,9
2018-12-04,22,967,9
2018-12-11,28,967,9
2018-12-12,28,967,9
2018-12-13,28,967,9
2018-12-14,28,967,9
2018-12-15,28,967,9
2018-12-19,32,967,9
2018-12-20,32,967,9
2018-12-21,32,967,9
2018-12-22,32,967,9
2018-12-24,34,967,9
2018-12-25,34,967,9
2018-12-26,34,967,9
2018-12-27,34,967,9
2018-12-28,34,967,9
2018-12-29,34,967,9
2017-12-06,8,972,9
2017-12-07,8,972,9
2017-12-08,8,972,9
2017-12-09,8,972,9
2018-03-17,10,990,9
2018-03-18,10,990,9
2018-03-19,10,990,9
2018-03-20,10,990,9
2018-05-03,16,990,9
2018-05-04,16,990,9
2018-05-05,16,990,9
2018-05-06,16,990,9
2018-05-07,16,990,9
2018-05-26,22,990,9
2018-05-27,22,990,9
2018-05-28,22,990,9
2018-05-29,22,990,9
2018-04-04,24,993,9
2018-04-05,24,993,9
2018-04-06,24,993,9
2018-04-07,24,993,9
2018-11-28,58,993,9
2018-11-29,58,993,9
2018-11-30,58,993,9
2018-12-01,58,993,9
2018-12-02,58,993,9
